run,seed,preprocessing,model,rmse
1,42,zoh_kalman,XGBoost,13.411740240729314
1,42,zoh_kalman,CNN,13.014751764225908
1,42,zoh_kalman,Transformer,13.191028783615035
1,42,zoh_smoothing_spline,XGBoost,14.764971024021976
1,42,zoh_smoothing_spline,CNN,14.487574374879406
1,42,zoh_smoothing_spline,Transformer,14.814221182735135
1,42,zoh_none,XGBoost,15.14701926093474
1,42,zoh_none,CNN,15.102020808925747
1,42,zoh_none,Transformer,15.23646007232898
1,42,hourly_mean_kalman,XGBoost,13.492612279538342
1,42,hourly_mean_kalman,CNN,11.55720446882475
1,42,hourly_mean_kalman,Transformer,13.555644653722787
1,42,hourly_mean_smoothing_spline,XGBoost,19.457927213540017
1,42,hourly_mean_smoothing_spline,CNN,18.701576575810307
1,42,hourly_mean_smoothing_spline,Transformer,20.865107738140196
1,42,hourly_mean_none,XGBoost,19.711880845999783
1,42,hourly_mean_none,CNN,19.34097818046532
1,42,hourly_mean_none,Transformer,21.302773547235898
1,42,linear_kalman,XGBoost,12.64067020052893
1,42,linear_kalman,CNN,12.139487447104486
1,42,linear_kalman,Transformer,12.267275606355208
1,42,linear_smoothing_spline,XGBoost,13.207142184494774
1,42,linear_smoothing_spline,CNN,12.391326949243016
1,42,linear_smoothing_spline,Transformer,12.956071059273784
1,42,linear_none,XGBoost,13.662319839698597
1,42,linear_none,CNN,13.724913171528826
1,42,linear_none,Transformer,13.614887259639476
1,42,polynomial_kalman,XGBoost,12.868490635978008
1,42,polynomial_kalman,CNN,12.356854569886776
1,42,polynomial_kalman,Transformer,12.45201649813079
1,42,polynomial_smoothing_spline,XGBoost,13.466546447386115
1,42,polynomial_smoothing_spline,CNN,12.627274900700256
1,42,polynomial_smoothing_spline,Transformer,13.18981013044606
1,42,polynomial_none,XGBoost,13.93319034694684
1,42,polynomial_none,CNN,13.626134434062022
1,42,polynomial_none,Transformer,13.817903604936694
1,42,spline_kalman,XGBoost,12.868490635978008
1,42,spline_kalman,CNN,12.445872538006235
1,42,spline_kalman,Transformer,12.45201649813079
1,42,spline_smoothing_spline,XGBoost,13.466546447386115
1,42,spline_smoothing_spline,CNN,12.561082048110805
1,42,spline_smoothing_spline,Transformer,13.18981013044606
1,42,spline_none,XGBoost,13.93319034694684
1,42,spline_none,CNN,13.641545793450792
1,42,spline_none,Transformer,13.817903604936694
2,43,zoh_kalman,XGBoost,13.35889987257703
2,43,zoh_kalman,CNN,13.933550433580763
2,43,zoh_kalman,Transformer,13.160887363341049
2,43,zoh_smoothing_spline,XGBoost,14.724460982496735
2,43,zoh_smoothing_spline,CNN,15.738374206310912
2,43,zoh_smoothing_spline,Transformer,14.775991137151815
2,43,zoh_none,XGBoost,15.12859884081172
2,43,zoh_none,CNN,17.198528369861254
2,43,zoh_none,Transformer,15.227278525290094
2,43,hourly_mean_kalman,XGBoost,13.43333200461997
2,43,hourly_mean_kalman,CNN,12.686166106351973
2,43,hourly_mean_kalman,Transformer,13.713005783157959
2,43,hourly_mean_smoothing_spline,XGBoost,19.42465239689372
2,43,hourly_mean_smoothing_spline,CNN,19.078781082054896
2,43,hourly_mean_smoothing_spline,Transformer,21.04405638349176
2,43,hourly_mean_none,XGBoost,19.698044668798172
2,43,hourly_mean_none,CNN,19.45548247289717
2,43,hourly_mean_none,Transformer,21.462488005041568
2,43,linear_kalman,XGBoost,12.592585983175432
2,43,linear_kalman,CNN,14.012793009833185
2,43,linear_kalman,Transformer,12.241743403360898
2,43,linear_smoothing_spline,XGBoost,13.143828022850311
2,43,linear_smoothing_spline,CNN,16.213288813826647
2,43,linear_smoothing_spline,Transformer,12.906426150127823
2,43,linear_none,XGBoost,13.617844942241984
2,43,linear_none,CNN,16.267793608518968
2,43,linear_none,Transformer,13.59146294220391
2,43,polynomial_kalman,XGBoost,12.810919905311644
2,43,polynomial_kalman,CNN,16.01488844730994
2,43,polynomial_kalman,Transformer,12.367112126080464
2,43,polynomial_smoothing_spline,XGBoost,13.407176716411035
2,43,polynomial_smoothing_spline,CNN,16.50438720863816
2,43,polynomial_smoothing_spline,Transformer,13.136076038781734
2,43,polynomial_none,XGBoost,13.88410233186907
2,43,polynomial_none,CNN,16.622053279910165
2,43,polynomial_none,Transformer,13.812817832926035
2,43,spline_kalman,XGBoost,12.810919905311644
2,43,spline_kalman,CNN,16.01488844730994
2,43,spline_kalman,Transformer,12.367112126080462
2,43,spline_smoothing_spline,XGBoost,13.407176716411033
2,43,spline_smoothing_spline,CNN,16.50438720863816
2,43,spline_smoothing_spline,Transformer,13.136076038781734
2,43,spline_none,XGBoost,13.884102331869071
2,43,spline_none,CNN,15.13275410622402
2,43,spline_none,Transformer,13.812817832926035
3,44,zoh_kalman,XGBoost,13.485193490540086
3,44,zoh_kalman,CNN,13.159471459577121
3,44,zoh_kalman,Transformer,13.029049654034592
3,44,zoh_smoothing_spline,XGBoost,14.827663108157632
3,44,zoh_smoothing_spline,CNN,14.798675556862852
3,44,zoh_smoothing_spline,Transformer,14.559361861717772
3,44,zoh_none,XGBoost,15.199412555872588
3,44,zoh_none,CNN,15.00726680705256
3,44,zoh_none,Transformer,15.096975903153881
3,44,hourly_mean_kalman,XGBoost,13.568335943782587
3,44,hourly_mean_kalman,CNN,11.38931519611247
3,44,hourly_mean_kalman,Transformer,13.798639629631737
3,44,hourly_mean_smoothing_spline,XGBoost,19.451245595904155
3,44,hourly_mean_smoothing_spline,CNN,18.61011650656199
3,44,hourly_mean_smoothing_spline,Transformer,20.691207774071916
3,44,hourly_mean_none,XGBoost,19.74539545844291
3,44,hourly_mean_none,CNN,19.38621990922158
3,44,hourly_mean_none,Transformer,21.231002952433634
3,44,linear_kalman,XGBoost,12.734436161879204
3,44,linear_kalman,CNN,12.47350844812566
3,44,linear_kalman,Transformer,12.149221534913584
3,44,linear_smoothing_spline,XGBoost,13.294730286495167
3,44,linear_smoothing_spline,CNN,13.270666737304175
3,44,linear_smoothing_spline,Transformer,12.75748521160281
3,44,linear_none,XGBoost,13.734555235686384
3,44,linear_none,CNN,13.684615034005617
3,44,linear_none,Transformer,13.47181123545931
3,44,polynomial_kalman,XGBoost,12.972635301309118
3,44,polynomial_kalman,CNN,12.704644327582644
3,44,polynomial_kalman,Transformer,12.237171845798118
3,44,polynomial_smoothing_spline,XGBoost,13.539978061217907
3,44,polynomial_smoothing_spline,CNN,13.200778132606386
3,44,polynomial_smoothing_spline,Transformer,12.964261676414273
3,44,polynomial_none,XGBoost,13.99692620177891
3,44,polynomial_none,CNN,13.734439892151126
3,44,polynomial_none,Transformer,13.665394978993973
3,44,spline_kalman,XGBoost,12.972635301309118
3,44,spline_kalman,CNN,12.704643770277443
3,44,spline_kalman,Transformer,12.237171845798118
3,44,spline_smoothing_spline,XGBoost,13.539978061217907
3,44,spline_smoothing_spline,CNN,13.125917706276404
3,44,spline_smoothing_spline,Transformer,12.964261676414273
3,44,spline_none,XGBoost,13.99692620177891
3,44,spline_none,CNN,14.219588009618754
3,44,spline_none,Transformer,13.665394978993973
4,45,zoh_kalman,XGBoost,13.451552194614973
4,45,zoh_smoothing_spline,XGBoost,14.802204915611629
4,45,zoh_none,XGBoost,15.169407030754595
4,45,hourly_mean_kalman,XGBoost,13.51509746790247
4,45,hourly_mean_smoothing_spline,XGBoost,19.43317123272505
4,45,hourly_mean_none,XGBoost,19.718964835140884
4,45,linear_kalman,XGBoost,12.712505038011143
4,45,linear_smoothing_spline,XGBoost,13.263213361165082
4,45,linear_none,XGBoost,13.706187376780337
4,45,polynomial_kalman,XGBoost,12.912639405358844
4,45,polynomial_smoothing_spline,XGBoost,13.522990108323894
4,45,polynomial_none,XGBoost,13.983019659073223
4,45,spline_kalman,XGBoost,12.912639405358842
4,45,spline_smoothing_spline,XGBoost,13.522990108323894
4,45,spline_none,XGBoost,13.983019659073223
5,46,zoh_kalman,XGBoost,13.399975943249904
5,46,zoh_smoothing_spline,XGBoost,14.77756658504099
5,46,zoh_none,XGBoost,15.153686686607122
5,46,hourly_mean_kalman,XGBoost,13.509180008912832
5,46,hourly_mean_smoothing_spline,XGBoost,19.447635799302446
5,46,hourly_mean_none,XGBoost,19.71043767593117
5,46,linear_kalman,XGBoost,12.667891036244935
5,46,linear_smoothing_spline,XGBoost,13.220022906521312
5,46,linear_none,XGBoost,13.666694338834546
5,46,polynomial_kalman,XGBoost,12.876653848934696
5,46,polynomial_smoothing_spline,XGBoost,13.470999260920326
5,46,polynomial_none,XGBoost,13.944784671279345
5,46,spline_kalman,XGBoost,12.876653848934698
5,46,spline_smoothing_spline,XGBoost,13.470999260920326
5,46,spline_none,XGBoost,13.944784671279345
